{"cameraMode":{"drawMode":0,"name":"Shaded","section":"Shading Mode"},"sceneLighting":false,"audioPlay":false,"sceneViewState":{"m_AlwaysRefresh":false,"showFog":false,"showSkybox":false,"showFlares":false,"showImageEffects":false,"showParticleSystems":false,"showVisualEffectGraphs":true,"m_FxEnabled":true},"in2DMode":false,"pivot":{"x":0.21423950791358949,"y":6.385247230529785,"z":5.939621448516846},"rotation":{"x":0.029857099056243898,"y":0.17249880731105805,"z":-0.005194894969463348,"w":0.9845504760742188},"size":6.6208319664001469,"orthographic":false}