{"cameraMode":{"drawMode":0,"name":"Shaded","section":"Shading Mode"},"sceneLighting":false,"audioPlay":false,"sceneViewState":{"m_AlwaysRefresh":false,"showFog":false,"showSkybox":false,"showFlares":false,"showImageEffects":false,"showParticleSystems":false,"showVisualEffectGraphs":true,"m_FxEnabled":true},"in2DMode":false,"pivot":{"x":0.5389497876167297,"y":4.385736465454102,"z":-4.679221153259277},"rotation":{"x":-0.0016715378733351827,"y":-0.9943444132804871,"z":0.10510291159152985,"w":-0.01580444537103176},"size":6.6208319664001469,"orthographic":false}