{"cameraMode":{"drawMode":0,"name":"Shaded","section":"Shading Mode"},"sceneLighting":false,"audioPlay":false,"sceneViewState":{"m_AlwaysRefresh":false,"showFog":false,"showSkybox":false,"showFlares":false,"showImageEffects":false,"showParticleSystems":false,"showVisualEffectGraphs":true,"m_FxEnabled":true},"in2DMode":false,"pivot":{"x":-0.1633284091949463,"y":4.841982364654541,"z":0.30876976251602175},"rotation":{"x":0.004880110267549753,"y":0.9951547384262085,"z":-0.06908296048641205,"w":0.06994248181581497},"size":6.6208319664001469,"orthographic":false}